{
    "rmse": 0.6557853841009856,
    "mae": 0.5096651999465671,
    "r2": 0.2644791055138228
}