{
    "rmse": 0.6719223116491617,
    "mae": 0.519035727160795,
    "r2": 0.2687923508951977
}